"Path","Platform","Compiled","Cooked","Permutations","Compiletime","CompiledDouble","CookedDouble"
"/ControlRig/Controls/ControlRigGizmoMaterial.ControlRigGizmoMaterial","0","0","4","1","0.000000","0","0"
"/Engine/EngineDebugMaterials/DebugEditorMaterial.DebugEditorMaterial","0","0","8","1","0.000000","0","0"
"/MeshModelingToolset/Materials/M_DynamicMeshComponentVtxColor.M_DynamicMeshComponentVtxColor","0","0","20","1","0.000000","0","0"
"/Engine/EditorMaterials/PhAT_NoCollisionMaterial.PhAT_NoCollisionMaterial","0","0","5","1","0.000000","0","0"
"/Engine/EditorMaterials/PhAT_UnselectedMaterial.PhAT_UnselectedMaterial","0","0","5","1","0.000000","0","0"
"/Engine/EngineMaterials/GizmoMaterial.GizmoMaterial","0","0","8","1","0.000000","0","0"
"/Engine/EngineDebugMaterials/DebugMeshMaterial.DebugMeshMaterial","0","0","7","1","0.000000","0","0"
"/Engine/EngineMaterials/RemoveSurfaceMaterial.RemoveSurfaceMaterial","0","0","4","1","0.000000","0","0"
"/Engine/EditorLandscapeResources/SplineEditorMeshMat.SplineEditorMeshMat","0","0","16","1","0.000000","0","0"
"/Engine/EditorMaterials/Camera/CineMat.CineMat","0","0","28","1","0.000000","0","0"
"/Engine/VREditor/TransformGizmo/Xray.Xray","0","0","14","1","0.000000","0","0"
"/Engine/VREditor/TransformGizmo/Main.Main","0","0","5","1","0.000000","0","0"
"/ControlRig/Controls/ControlRigXRayMaterial.ControlRigXRayMaterial","0","0","11","1","0.000000","0","0"
"/Engine/EngineDebugMaterials/M_SimpleUnlitTranslucent.M_SimpleUnlitTranslucent","0","0","5","1","0.000000","0","0"
"/Engine/VREditor/TransformGizmo/TranslucentTransformGizmoMaterial.TranslucentTransformGizmoMaterial","0","0","5","1","0.000000","0","0"
"/Engine/EngineMaterials/DefaultLightFunctionMaterial.DefaultLightFunctionMaterial","0","0","145","1","0.000000","0","0"
"/Interchange/Materials/UnlitMaterial.UnlitMaterial","0","0","4","1","0.000000","0","0"
"/Game/Assets/Materials/Towers/Grid_Material.Grid_Material","0","0","20","1","0.000000","0","0"
"/Game/Assets/Level/herbe/lambert1.lambert1","0","0","23","1","0.000000","0","0"
"/Game/Assets/Level/chateau/lambert1.lambert1","0","0","23","1","0.000000","0","0"
"/Game/Assets/Level/fond/lambert9.lambert9","0","0","14","1","0.000000","0","0"
"/Game/Assets/Animations/Enemy/metal_lame_epee.metal_lame_epee","0","0","28","1","0.000000","0","0"
"/Game/Assets/Animations/Enemy/gris_chevalier.gris_chevalier","0","0","28","1","0.000000","0","0"
"/Game/Assets/Animations/Enemy/gris_maillet_epee.gris_maillet_epee","0","0","28","1","0.000000","0","0"
"/Game/Assets/Animations/Enemy/lambert1.lambert1","0","0","28","1","0.000000","0","0"
"/Game/Assets/Animations/Enemy/rouge_leon.rouge_leon","0","0","28","1","0.000000","0","0"
"/Game/Assets/Animations/Enemy/visage_inconnu.visage_inconnu","0","0","28","1","0.000000","0","0"
"/Game/3D_Models/Tower_Archer/Archer_MaxLevel/beige_brique_niv_max.beige_brique_niv_max","0","0","14","1","0.000000","0","0"
"/Game/3D_Models/Tower_Archer/Archer_MaxLevel/gris_bas_niv_max.gris_bas_niv_max","0","0","14","1","0.000000","0","0"
"/Game/3D_Models/Tower_Archer/Archer_MaxLevel/gris_brique_niv_max.gris_brique_niv_max","0","0","14","1","0.000000","0","0"
"/Game/3D_Models/Tower_Archer/Archer_MaxLevel/gris_tour_niv_max.gris_tour_niv_max","0","0","14","1","0.000000","0","0"
"/Game/3D_Models/Tower_Archer/Archer_MaxLevel/marron_porte_niv_max.marron_porte_niv_max","0","0","14","1","0.000000","0","0"
"/Game/3D_Models/Tower_Archer/Archer_MaxLevel/noir_total_niv_max.noir_total_niv_max","0","0","14","1","0.000000","0","0"
"/Game/3D_Models/Tower_Archer/Archer_MaxLevel/pasted__lambert33.pasted__lambert33","0","0","14","1","0.000000","0","0"
"/Game/3D_Models/Tower_Archer/Archer_Normal/beige_brique.beige_brique","0","0","14","1","0.000000","0","0"
"/Game/3D_Models/Tower_Archer/Archer_Normal/gris_bas.gris_bas","0","0","14","1","0.000000","0","0"
"/Game/3D_Models/Tower_Archer/Archer_Normal/gris_brique.gris_brique","0","0","14","1","0.000000","0","0"
"/Game/3D_Models/Tower_Archer/Archer_Normal/gris_tour.gris_tour","0","0","14","1","0.000000","0","0"
"/Game/3D_Models/Tower_Archer/Archer_Normal/marron_porte.marron_porte","0","0","14","1","0.000000","0","0"
"/Game/3D_Models/Tower_Archer/Archer_Normal/noir_total.noir_total","0","0","14","1","0.000000","0","0"
"/Game/3D_Models/Tower_Ballista/Ballista_MaxLevel/bois_baliste_niv_max.bois_baliste_niv_max","0","0","14","1","0.000000","0","0"
"/Game/3D_Models/Tower_Ballista/Ballista_MaxLevel/boisfonce_baliste_niv_max.boisfonce_baliste_niv_max","0","0","14","1","0.000000","0","0"
"/Game/3D_Models/Tower_Ballista/Ballista_MaxLevel/corde_baliste_niv_max.corde_baliste_niv_max","0","0","14","1","0.000000","0","0"
"/Game/3D_Models/Tower_Ballista/Ballista_MaxLevel/Default_Material.Default_Material","0","0","14","1","0.000000","0","0"
"/Game/3D_Models/Tower_Ballista/Ballista_MaxLevel/gris_baliste_niv_max.gris_baliste_niv_max","0","0","14","1","0.000000","0","0"
"/Game/3D_Models/Tower_Ballista/Ballista_Normal/bois_baliste.bois_baliste","0","0","14","1","0.000000","0","0"
"/Game/3D_Models/Tower_Ballista/Ballista_Normal/boisfonce_baliste.boisfonce_baliste","0","0","14","1","0.000000","0","0"
"/Game/3D_Models/Tower_Ballista/Ballista_Normal/corde_baliste.corde_baliste","0","0","14","1","0.000000","0","0"
"/Game/3D_Models/Tower_Ballista/Ballista_Normal/Default_Material.Default_Material","0","0","14","1","0.000000","0","0"
"/Game/3D_Models/Tower_Ballista/Ballista_Normal/gris_baliste.gris_baliste","0","0","14","1","0.000000","0","0"
"/Game/3D_Models/Tower_Cauldron/Cauldron_MaxLevel/bois_chaudron_niv_max.bois_chaudron_niv_max","0","0","14","1","0.000000","0","0"
"/Game/3D_Models/Tower_Cauldron/Cauldron_MaxLevel/noir_chaudron_niv_max.noir_chaudron_niv_max","0","0","14","1","0.000000","0","0"
"/Game/3D_Models/Tower_Cauldron/Cauldron_Normal/corde_chaudron.corde_chaudron","0","0","14","1","0.000000","0","0"
"/Game/3D_Models/Tower_Cauldron/Cauldron_Normal/huile_chaudron.huile_chaudron","0","0","14","1","0.000000","0","0"
"/Game/3D_Models/Tower_Cauldron/Cauldron_Normal/noir_chaudron.noir_chaudron","0","0","14","1","0.000000","0","0"
"/Game/3D_Models/Tower_Cauldron/Cauldron_MaxLevel/corde_chaudron_niv_max.corde_chaudron_niv_max","0","0","14","1","0.000000","0","0"
"/Game/3D_Models/Tower_Cauldron/Cauldron_MaxLevel/huile_chaudron_niv_max.huile_chaudron_niv_max","0","0","14","1","0.000000","0","0"
"/Game/3D_Models/Tower_Cauldron/Cauldron_Normal/bois_chaudron.bois_chaudron","0","0","14","1","0.000000","0","0"
"/Game/3D_Models/Tower_Trebuchet/Trebuchet_MaxLevel/bois_trebuch_niv_max.bois_trebuch_niv_max","0","0","14","1","0.000000","0","0"
"/Game/3D_Models/Tower_Trebuchet/Trebuchet_MaxLevel/boisfonce_trebuch_niv_max.boisfonce_trebuch_niv_max","0","0","14","1","0.000000","0","0"
"/Game/3D_Models/Tower_Trebuchet/Trebuchet_MaxLevel/corde_trebuch_niv_max.corde_trebuch_niv_max","0","0","14","1","0.000000","0","0"
"/Game/3D_Models/Tower_Trebuchet/Trebuchet_MaxLevel/pierre_trebuch_niv_max.pierre_trebuch_niv_max","0","0","14","1","0.000000","0","0"
"/Engine/EngineMaterials/EmissiveMeshMaterial.EmissiveMeshMaterial","0","0","7","1","0.000000","0","0"
"/Game/3D_Models/Tower_Trebuchet/Trebuchet_MaxLevel/fonce_trebuch_niv_max.fonce_trebuch_niv_max","0","0","14","1","0.000000","0","0"
"/Game/3D_Models/Tower_Trebuchet/Trebuchet_MaxLevel/gris_trebuch_niv_max.gris_trebuch_niv_max","0","0","14","1","0.000000","0","0"
"/Game/3D_Models/Tower_Trebuchet/Trebuchet_Normal/bois_trebuch.bois_trebuch","0","0","14","1","0.000000","0","0"
"/Game/3D_Models/Tower_Trebuchet/Trebuchet_Normal/boisfonce_trebuch.boisfonce_trebuch","0","0","14","1","0.000000","0","0"
"/Game/3D_Models/Tower_Trebuchet/Trebuchet_Normal/corde_trebuch.corde_trebuch","0","0","14","1","0.000000","0","0"
"/Game/3D_Models/Tower_Trebuchet/Trebuchet_Normal/fonce_trebuch.fonce_trebuch","0","0","14","1","0.000000","0","0"
"/Game/3D_Models/Tower_Trebuchet/Trebuchet_Normal/gris_trebuch.gris_trebuch","0","0","14","1","0.000000","0","0"
"/Game/3D_Models/Tower_Trebuchet/Trebuchet_Normal/pierre_trebuch.pierre_trebuch","0","0","14","1","0.000000","0","0"
"/Game/Tower_Projectiles/Projectile_Archer/bleu_fleche.bleu_fleche","0","0","14","1","0.000000","0","0"
"/Game/Tower_Projectiles/Projectile_Archer/gris_fleche.gris_fleche","0","0","14","1","0.000000","0","0"
"/Game/Tower_Projectiles/Projectile_Archer/marron_fleche.marron_fleche","0","0","14","1","0.000000","0","0"
"/Game/Tower_Projectiles/Projectile_Ballista/gris_fleche_lourde.gris_fleche_lourde","0","0","14","1","0.000000","0","0"
"/Game/Tower_Projectiles/Projectile_Ballista/marron_fleche_lourde.marron_fleche_lourde","0","0","14","1","0.000000","0","0"
"/Game/Tower_Projectiles/Projectile_Cauldron/huile_chaude_boule.huile_chaude_boule","0","0","14","1","0.000000","0","0"
"/Game/Tower_Projectiles/Projectile_Trebuchet/gris_boulet.gris_boulet","0","0","14","1","0.000000","0","0"
"/Engine/EngineMaterials/FlattenMaterial_WS_Normal_VT.FlattenMaterial_WS_Normal_VT","0","0","37","1","0.000000","0","0"
"/Engine/EngineMaterials/FlattenMaterial_VT.FlattenMaterial_VT","0","0","37","1","0.000000","0","0"
"/Engine/EngineMaterials/FlattenMaterial.FlattenMaterial","0","0","37","1","0.000000","0","0"
"/Engine/EngineMaterials/M_InvalidLightmapSettings.M_InvalidLightmapSettings","0","0","28","1","0.000000","0","0"
"/Paper2D/DefaultSpriteMaterial.DefaultSpriteMaterial","0","0","54","2","0.000000","0","0"
"/Engine/EngineMaterials/PhAT_JointLimitMaterial.PhAT_JointLimitMaterial","0","0","11","1","0.000000","0","0"
"/ControlRig/M_Manip.M_Manip","0","0","11","1","0.000000","0","0"
"/Engine/EngineDebugMaterials/M_VolumeRenderSphereTracePP.M_VolumeRenderSphereTracePP","0","0","6","1","0.000000","0","0"
"/Engine/VREditor/TransformGizmo/TransformGizmoMaterial.TransformGizmoMaterial","0","0","4","1","0.000000","0","0"
"/Engine/EditorMaterials/WorldPartition/WorldPartitionSpatialHashGridPreviewMaterial.WorldPartitionSpatialHashGridPreviewMaterial","0","0","6","1","0.000000","0","0"
"/Engine/EngineMaterials/Widget3DPassThrough.Widget3DPassThrough","0","0","62","6","0.000000","0","5"
"/Engine/EngineSky/VolumetricClouds/m_SimpleVolumetricCloud.m_SimpleVolumetricCloud","0","0","53","1","0.000000","0","0"
"/Engine/EngineMaterials/DefaultPostProcessMaterial.DefaultPostProcessMaterial","0","0","10","1","0.000000","0","0"
"/Engine/EngineMaterials/DefaultDeferredDecalMaterial.DefaultDeferredDecalMaterial","0","0","93","1","0.000000","0","0"
"/Engine/EngineMaterials/DefaultMaterial.DefaultMaterial","0","0","139","1","0.000000","0","0"
"/Engine/EditorMaterials/PreviewShadowIndicatorMaterial.PreviewShadowIndicatorMaterial","0","0","145","1","0.000000","0","0"
"/Interchange/Materials/PhongSurfaceMaterial.PhongSurfaceMaterial","0","0","14","1","0.000000","0","0"
"/Engine/EngineMaterials/WorldGridMaterial.WorldGridMaterial","0","0","679","1","0.000000","0","0"
"/Engine/EngineMaterials/DefaultTextMaterialOpaque.DefaultTextMaterialOpaque","0","0","31","1","0.000000","0","0"
"/Engine/EngineMaterials/PPM_DefaultCalibrationGrayscale.PPM_DefaultCalibrationGrayscale","0","0","6","1","0.000000","0","0"
"/Engine/EngineMaterials/PPM_DefaultCalibrationColor.PPM_DefaultCalibrationColor","0","0","6","1","0.000000","0","0"
"/Engine/EngineSky/M_Sky_Panning_Clouds2.M_Sky_Panning_Clouds2","0","0","4","1","0.000000","0","0"
"/Game/Assets/Level/Arbre/arbre_lambert1_BaseColor_Mat.arbre_lambert1_BaseColor_Mat","0","0","23","1","0.000000","0","0"
"/Game/Assets/Level/Bush/bush_lambert1_BaseColor_Mat.bush_lambert1_BaseColor_Mat","0","0","23","1","0.000000","0","0"
"/Game/Assets/Level/chateau/chateau_lambert1_BaseColor_Mat.chateau_lambert1_BaseColor_Mat","0","0","23","1","0.000000","0","0"
"/Game/Assets/Level/route/lignedroite_Mat.lignedroite_Mat","0","0","23","1","0.000000","0","0"
"/Game/Assets/Level/route/lignevirage__1__Mat.lignevirage__1__Mat","0","0","23","1","0.000000","0","0"
"/Game/Assets/Level/fond/maybe_Mat.maybe_Mat","0","0","23","1","0.000000","0","0"
"/Game/Assets/Materials/Maps/beaugaz_Mat.beaugaz_Mat","0","0","23","1","0.000000","0","0"
"/Game/Assets/Level/herbe/lambert5.lambert5","0","0","82","1","0.000000","0","0"
"/Game/Assets/Level/table/M_Carpet_C1.M_Carpet_C1","0","0","23","1","0.000000","0","0"
"/Game/Assets/Level/table/M_Carpet_C2.M_Carpet_C2","0","0","23","1","0.000000","0","0"
"/Game/Assets/Level/table/M_Table.M_Table","0","0","23","1","0.000000","0","0"
"/SpeedTreeImporter/SpeedTree9/SpeedTreeBillboardMaster.SpeedTreeBillboardMaster","0","0","62","1","0.000000","0","0"
"/SpeedTreeImporter/SpeedTree9/SpeedTreeMaster.SpeedTreeMaster","0","0","88","1","0.000000","0","0"
"/Interchange/Materials/LambertSurfaceMaterial.LambertSurfaceMaterial","0","0","14","1","0.000000","0","0"
"/Interchange/Materials/OrenNayerMaterial.OrenNayerMaterial","0","0","16","1","0.000000","0","0"
"/Game/Assets/Materials/Towers/TrebuchetRange_Material.TrebuchetRange_Material","0","0","23","1","0.000000","0","0"
"/Interchange/Materials/ThinTranslucentMaterial.ThinTranslucentMaterial","0","0","24","1","0.000000","0","0"
"/Interchange/Materials/SubsurfaceMaterial.SubsurfaceMaterial","0","0","14","1","0.000000","0","0"
"/Interchange/Materials/SheenMaterial.SheenMaterial","0","0","14","1","0.000000","0","0"
"/Game/Assets/Materials/Towers/ArcherRange_Material.ArcherRange_Material","0","0","23","1","0.000000","0","0"
"/Game/Assets/Materials/Towers/M_BallistaRange.M_BallistaRange","0","0","23","1","0.000000","0","0"
"/Game/Assets/Materials/Towers/M_CauldronRange.M_CauldronRange","0","0","23","1","0.000000","0","0"
"/Interchange/gltf/M_Unlit.M_Unlit","0","0","38","2","0.000000","0","0"
"/Interchange/gltf/M_Transmission.M_Transmission","0","0","108","4","0.000000","0","0"
"/Interchange/Materials/PBRSurfaceMaterial.PBRSurfaceMaterial","0","0","14","1","0.000000","0","0"
"/Interchange/Materials/ClearCoatMaterial.ClearCoatMaterial","0","0","14","1","0.000000","0","0"
"/Interchange/gltf/M_Sheen.M_Sheen","0","0","124","4","0.000000","0","0"
"/Interchange/gltf/M_Translucent.M_Translucent","0","0","200","8","0.000000","0","0"
"/Interchange/gltf/M_Opaque.M_Opaque","0","0","248","8","0.000000","0","0"
"/ControlRig/Controls/ControlRigGizmoMaterial.ControlRigGizmoMaterial","49","0","4","1","0.000000","0","0"
"/Engine/EngineDebugMaterials/DebugEditorMaterial.DebugEditorMaterial","49","0","8","1","0.000000","0","0"
"/MeshModelingToolset/Materials/M_DynamicMeshComponentVtxColor.M_DynamicMeshComponentVtxColor","49","0","20","1","0.000000","0","0"
"/Engine/EditorMaterials/PhAT_NoCollisionMaterial.PhAT_NoCollisionMaterial","49","0","5","1","0.000000","0","0"
"/Engine/EditorMaterials/PhAT_UnselectedMaterial.PhAT_UnselectedMaterial","49","0","5","1","0.000000","0","0"
"/Engine/EngineMaterials/GizmoMaterial.GizmoMaterial","49","0","8","1","0.000000","0","0"
"/Engine/EngineDebugMaterials/DebugMeshMaterial.DebugMeshMaterial","49","0","7","1","0.000000","0","0"
"/Engine/EngineMaterials/RemoveSurfaceMaterial.RemoveSurfaceMaterial","49","0","4","1","0.000000","0","0"
"/Engine/EditorLandscapeResources/SplineEditorMeshMat.SplineEditorMeshMat","49","0","16","1","0.000000","0","0"
"/Engine/EditorMaterials/Camera/CineMat.CineMat","49","0","28","1","0.000000","0","0"
"/Engine/VREditor/TransformGizmo/Xray.Xray","49","0","14","1","0.000000","0","0"
"/Engine/VREditor/TransformGizmo/Main.Main","49","0","5","1","0.000000","0","0"
"/ControlRig/Controls/ControlRigXRayMaterial.ControlRigXRayMaterial","49","0","11","1","0.000000","0","0"
"/Engine/EngineDebugMaterials/M_SimpleUnlitTranslucent.M_SimpleUnlitTranslucent","49","0","5","1","0.000000","0","0"
"/Engine/VREditor/TransformGizmo/TranslucentTransformGizmoMaterial.TranslucentTransformGizmoMaterial","49","0","5","1","0.000000","0","0"
"/Engine/EngineMaterials/DefaultLightFunctionMaterial.DefaultLightFunctionMaterial","49","0","145","1","0.000000","0","0"
"/Interchange/Materials/UnlitMaterial.UnlitMaterial","49","0","4","1","0.000000","0","0"
"/Game/Assets/Materials/Towers/Grid_Material.Grid_Material","49","0","20","1","0.000000","0","0"
"/Game/Assets/Level/herbe/lambert1.lambert1","49","0","23","1","0.000000","0","0"
"/Game/Assets/Level/chateau/lambert1.lambert1","49","0","23","1","0.000000","0","0"
"/Game/Assets/Level/fond/lambert9.lambert9","49","0","14","1","0.000000","0","0"
"/Game/Assets/Animations/Enemy/metal_lame_epee.metal_lame_epee","49","0","28","1","0.000000","0","0"
"/Game/Assets/Animations/Enemy/gris_chevalier.gris_chevalier","49","0","28","1","0.000000","0","0"
"/Game/Assets/Animations/Enemy/gris_maillet_epee.gris_maillet_epee","49","0","28","1","0.000000","0","0"
"/Game/Assets/Animations/Enemy/lambert1.lambert1","49","0","28","1","0.000000","0","0"
"/Game/Assets/Animations/Enemy/rouge_leon.rouge_leon","49","0","28","1","0.000000","0","0"
"/Game/Assets/Animations/Enemy/visage_inconnu.visage_inconnu","49","0","28","1","0.000000","0","0"
"/Game/3D_Models/Tower_Archer/Archer_MaxLevel/beige_brique_niv_max.beige_brique_niv_max","49","0","14","1","0.000000","0","0"
"/Game/3D_Models/Tower_Archer/Archer_MaxLevel/gris_bas_niv_max.gris_bas_niv_max","49","0","14","1","0.000000","0","0"
"/Game/3D_Models/Tower_Archer/Archer_MaxLevel/gris_brique_niv_max.gris_brique_niv_max","49","0","14","1","0.000000","0","0"
"/Game/3D_Models/Tower_Archer/Archer_MaxLevel/gris_tour_niv_max.gris_tour_niv_max","49","0","14","1","0.000000","0","0"
"/Game/3D_Models/Tower_Archer/Archer_MaxLevel/marron_porte_niv_max.marron_porte_niv_max","49","0","14","1","0.000000","0","0"
"/Game/3D_Models/Tower_Archer/Archer_MaxLevel/noir_total_niv_max.noir_total_niv_max","49","0","14","1","0.000000","0","0"
"/Game/3D_Models/Tower_Archer/Archer_MaxLevel/pasted__lambert33.pasted__lambert33","49","0","14","1","0.000000","0","0"
"/Game/3D_Models/Tower_Archer/Archer_Normal/beige_brique.beige_brique","49","0","14","1","0.000000","0","0"
"/Game/3D_Models/Tower_Archer/Archer_Normal/gris_bas.gris_bas","49","0","14","1","0.000000","0","0"
"/Game/3D_Models/Tower_Archer/Archer_Normal/gris_brique.gris_brique","49","0","14","1","0.000000","0","0"
"/Game/3D_Models/Tower_Archer/Archer_Normal/gris_tour.gris_tour","49","0","14","1","0.000000","0","0"
"/Game/3D_Models/Tower_Archer/Archer_Normal/marron_porte.marron_porte","49","0","14","1","0.000000","0","0"
"/Game/3D_Models/Tower_Archer/Archer_Normal/noir_total.noir_total","49","0","14","1","0.000000","0","0"
"/Game/3D_Models/Tower_Ballista/Ballista_MaxLevel/bois_baliste_niv_max.bois_baliste_niv_max","49","0","14","1","0.000000","0","0"
"/Game/3D_Models/Tower_Ballista/Ballista_MaxLevel/boisfonce_baliste_niv_max.boisfonce_baliste_niv_max","49","0","14","1","0.000000","0","0"
"/Game/3D_Models/Tower_Ballista/Ballista_MaxLevel/corde_baliste_niv_max.corde_baliste_niv_max","49","0","14","1","0.000000","0","0"
"/Game/3D_Models/Tower_Ballista/Ballista_MaxLevel/Default_Material.Default_Material","49","0","14","1","0.000000","0","0"
"/Game/3D_Models/Tower_Ballista/Ballista_MaxLevel/gris_baliste_niv_max.gris_baliste_niv_max","49","0","14","1","0.000000","0","0"
"/Game/3D_Models/Tower_Ballista/Ballista_Normal/bois_baliste.bois_baliste","49","0","14","1","0.000000","0","0"
"/Game/3D_Models/Tower_Ballista/Ballista_Normal/boisfonce_baliste.boisfonce_baliste","49","0","14","1","0.000000","0","0"
"/Game/3D_Models/Tower_Ballista/Ballista_Normal/corde_baliste.corde_baliste","49","0","14","1","0.000000","0","0"
"/Game/3D_Models/Tower_Ballista/Ballista_Normal/Default_Material.Default_Material","49","0","14","1","0.000000","0","0"
"/Game/3D_Models/Tower_Ballista/Ballista_Normal/gris_baliste.gris_baliste","49","0","14","1","0.000000","0","0"
"/Game/3D_Models/Tower_Cauldron/Cauldron_MaxLevel/bois_chaudron_niv_max.bois_chaudron_niv_max","49","0","14","1","0.000000","0","0"
"/Game/3D_Models/Tower_Cauldron/Cauldron_MaxLevel/noir_chaudron_niv_max.noir_chaudron_niv_max","49","0","14","1","0.000000","0","0"
"/Game/3D_Models/Tower_Cauldron/Cauldron_Normal/corde_chaudron.corde_chaudron","49","0","14","1","0.000000","0","0"
"/Game/3D_Models/Tower_Cauldron/Cauldron_Normal/huile_chaudron.huile_chaudron","49","0","23","1","0.000000","0","0"
"/Game/3D_Models/Tower_Cauldron/Cauldron_Normal/noir_chaudron.noir_chaudron","49","0","14","1","0.000000","0","0"
"/Game/3D_Models/Tower_Cauldron/Cauldron_MaxLevel/corde_chaudron_niv_max.corde_chaudron_niv_max","49","0","14","1","0.000000","0","0"
"/Game/3D_Models/Tower_Cauldron/Cauldron_MaxLevel/huile_chaudron_niv_max.huile_chaudron_niv_max","49","0","14","1","0.000000","0","0"
"/Game/3D_Models/Tower_Cauldron/Cauldron_Normal/bois_chaudron.bois_chaudron","49","0","14","1","0.000000","0","0"
"/Game/3D_Models/Tower_Trebuchet/Trebuchet_MaxLevel/bois_trebuch_niv_max.bois_trebuch_niv_max","49","0","14","1","0.000000","0","0"
"/Game/3D_Models/Tower_Trebuchet/Trebuchet_MaxLevel/boisfonce_trebuch_niv_max.boisfonce_trebuch_niv_max","49","0","14","1","0.000000","0","0"
"/Game/3D_Models/Tower_Trebuchet/Trebuchet_MaxLevel/corde_trebuch_niv_max.corde_trebuch_niv_max","49","0","14","1","0.000000","0","0"
"/Game/3D_Models/Tower_Trebuchet/Trebuchet_MaxLevel/pierre_trebuch_niv_max.pierre_trebuch_niv_max","49","0","14","1","0.000000","0","0"
"/Engine/EngineMaterials/EmissiveMeshMaterial.EmissiveMeshMaterial","49","0","7","1","0.000000","0","0"
"/Game/3D_Models/Tower_Trebuchet/Trebuchet_MaxLevel/fonce_trebuch_niv_max.fonce_trebuch_niv_max","49","0","14","1","0.000000","0","0"
"/Game/3D_Models/Tower_Trebuchet/Trebuchet_MaxLevel/gris_trebuch_niv_max.gris_trebuch_niv_max","49","0","14","1","0.000000","0","0"
"/Game/3D_Models/Tower_Trebuchet/Trebuchet_Normal/bois_trebuch.bois_trebuch","49","0","14","1","0.000000","0","0"
"/Game/3D_Models/Tower_Trebuchet/Trebuchet_Normal/boisfonce_trebuch.boisfonce_trebuch","49","0","14","1","0.000000","0","0"
"/Game/3D_Models/Tower_Trebuchet/Trebuchet_Normal/corde_trebuch.corde_trebuch","49","0","14","1","0.000000","0","0"
"/Game/3D_Models/Tower_Trebuchet/Trebuchet_Normal/fonce_trebuch.fonce_trebuch","49","0","14","1","0.000000","0","0"
"/Game/3D_Models/Tower_Trebuchet/Trebuchet_Normal/gris_trebuch.gris_trebuch","49","0","14","1","0.000000","0","0"
"/Game/3D_Models/Tower_Trebuchet/Trebuchet_Normal/pierre_trebuch.pierre_trebuch","49","0","14","1","0.000000","0","0"
"/Game/Tower_Projectiles/Projectile_Archer/bleu_fleche.bleu_fleche","49","0","14","1","0.000000","0","0"
"/Game/Tower_Projectiles/Projectile_Archer/gris_fleche.gris_fleche","49","0","14","1","0.000000","0","0"
"/Game/Tower_Projectiles/Projectile_Archer/marron_fleche.marron_fleche","49","0","14","1","0.000000","0","0"
"/Game/Tower_Projectiles/Projectile_Ballista/gris_fleche_lourde.gris_fleche_lourde","49","0","14","1","0.000000","0","0"
"/Game/Tower_Projectiles/Projectile_Ballista/marron_fleche_lourde.marron_fleche_lourde","49","0","14","1","0.000000","0","0"
"/Game/Tower_Projectiles/Projectile_Cauldron/huile_chaude_boule.huile_chaude_boule","49","0","14","1","0.000000","0","0"
"/Game/Tower_Projectiles/Projectile_Trebuchet/gris_boulet.gris_boulet","49","0","14","1","0.000000","0","0"
"/Engine/EngineMaterials/FlattenMaterial_WS_Normal_VT.FlattenMaterial_WS_Normal_VT","49","0","52","1","0.000000","0","0"
"/Engine/EngineMaterials/FlattenMaterial_VT.FlattenMaterial_VT","49","0","52","1","0.000000","0","0"
"/Engine/EngineMaterials/FlattenMaterial.FlattenMaterial","49","0","52","1","0.000000","0","0"
"/Engine/EngineMaterials/M_InvalidLightmapSettings.M_InvalidLightmapSettings","49","0","28","1","0.000000","0","0"
"/Paper2D/DefaultSpriteMaterial.DefaultSpriteMaterial","49","0","58","2","0.000000","0","0"
"/Engine/EngineMaterials/PhAT_JointLimitMaterial.PhAT_JointLimitMaterial","49","0","11","1","0.000000","0","0"
"/ControlRig/M_Manip.M_Manip","49","0","11","1","0.000000","0","0"
"/Engine/EngineDebugMaterials/M_VolumeRenderSphereTracePP.M_VolumeRenderSphereTracePP","49","0","6","1","0.000000","0","0"
"/Engine/VREditor/TransformGizmo/TransformGizmoMaterial.TransformGizmoMaterial","49","0","4","1","0.000000","0","0"
"/Engine/EditorMaterials/WorldPartition/WorldPartitionSpatialHashGridPreviewMaterial.WorldPartitionSpatialHashGridPreviewMaterial","49","0","6","1","0.000000","0","0"
"/Engine/EngineMaterials/Widget3DPassThrough.Widget3DPassThrough","49","0","66","6","0.000000","0","5"
"/Engine/EngineSky/VolumetricClouds/m_SimpleVolumetricCloud.m_SimpleVolumetricCloud","49","0","53","1","0.000000","0","0"
"/Engine/EngineMaterials/DefaultPostProcessMaterial.DefaultPostProcessMaterial","49","0","10","1","0.000000","0","0"
"/Engine/EngineMaterials/DefaultDeferredDecalMaterial.DefaultDeferredDecalMaterial","49","0","93","1","0.000000","0","0"
"/Engine/EngineMaterials/DefaultMaterial.DefaultMaterial","49","0","139","1","0.000000","0","0"
"/Engine/EditorMaterials/PreviewShadowIndicatorMaterial.PreviewShadowIndicatorMaterial","49","0","145","1","0.000000","0","0"
"/Interchange/Materials/PhongSurfaceMaterial.PhongSurfaceMaterial","49","0","14","1","0.000000","0","0"
"/Engine/EngineMaterials/WorldGridMaterial.WorldGridMaterial","49","0","900","1","0.000000","0","0"
"/Engine/EngineMaterials/DefaultTextMaterialOpaque.DefaultTextMaterialOpaque","49","0","33","1","0.000000","0","0"
"/Engine/EngineMaterials/PPM_DefaultCalibrationGrayscale.PPM_DefaultCalibrationGrayscale","49","0","6","1","0.000000","0","0"
"/Engine/EngineMaterials/PPM_DefaultCalibrationColor.PPM_DefaultCalibrationColor","49","0","6","1","0.000000","0","0"
"/Engine/EngineSky/M_Sky_Panning_Clouds2.M_Sky_Panning_Clouds2","49","0","4","1","0.000000","0","0"
"/Game/Assets/Level/Arbre/arbre_lambert1_BaseColor_Mat.arbre_lambert1_BaseColor_Mat","49","0","23","1","0.000000","0","0"
"/Game/Assets/Level/Bush/bush_lambert1_BaseColor_Mat.bush_lambert1_BaseColor_Mat","49","0","23","1","0.000000","0","0"
"/Game/Assets/Level/chateau/chateau_lambert1_BaseColor_Mat.chateau_lambert1_BaseColor_Mat","49","0","23","1","0.000000","0","0"
"/Game/Assets/Level/route/lignedroite_Mat.lignedroite_Mat","49","0","23","1","0.000000","0","0"
"/Game/Assets/Level/route/lignevirage__1__Mat.lignevirage__1__Mat","49","0","23","1","0.000000","0","0"
"/Game/Assets/Level/fond/maybe_Mat.maybe_Mat","49","0","23","1","0.000000","0","0"
"/Game/Assets/Materials/Maps/beaugaz_Mat.beaugaz_Mat","49","0","38","1","0.000000","0","0"
"/Game/Assets/Level/herbe/lambert5.lambert5","49","0","99","1","0.000000","0","0"
"/Game/Assets/Level/table/M_Carpet_C1.M_Carpet_C1","49","0","23","1","0.000000","0","0"
"/Game/Assets/Level/table/M_Carpet_C2.M_Carpet_C2","49","0","23","1","0.000000","0","0"
"/Game/Assets/Level/table/M_Table.M_Table","49","0","23","1","0.000000","0","0"
"/SpeedTreeImporter/SpeedTree9/SpeedTreeBillboardMaster.SpeedTreeBillboardMaster","49","0","66","1","0.000000","0","0"
"/SpeedTreeImporter/SpeedTree9/SpeedTreeMaster.SpeedTreeMaster","49","0","92","1","0.000000","0","0"
"/Interchange/Materials/LambertSurfaceMaterial.LambertSurfaceMaterial","49","0","14","1","0.000000","0","0"
"/Interchange/Materials/OrenNayerMaterial.OrenNayerMaterial","49","0","16","1","0.000000","0","0"
"/Game/Assets/Materials/Towers/TrebuchetRange_Material.TrebuchetRange_Material","49","0","23","1","0.000000","0","0"
"/Interchange/Materials/ThinTranslucentMaterial.ThinTranslucentMaterial","49","0","24","1","0.000000","0","0"
"/Interchange/Materials/SubsurfaceMaterial.SubsurfaceMaterial","49","0","14","1","0.000000","0","0"
"/Interchange/Materials/SheenMaterial.SheenMaterial","49","0","14","1","0.000000","0","0"
"/Game/Assets/Materials/Towers/ArcherRange_Material.ArcherRange_Material","49","0","23","1","0.000000","0","0"
"/Game/Assets/Materials/Towers/M_BallistaRange.M_BallistaRange","49","0","23","1","0.000000","0","0"
"/Game/Assets/Materials/Towers/M_CauldronRange.M_CauldronRange","49","0","23","1","0.000000","0","0"
"/Interchange/gltf/M_Unlit.M_Unlit","49","0","42","2","0.000000","0","0"
"/Interchange/gltf/M_Transmission.M_Transmission","49","0","108","4","0.000000","0","0"
"/Interchange/Materials/PBRSurfaceMaterial.PBRSurfaceMaterial","49","0","14","1","0.000000","0","0"
"/Interchange/Materials/ClearCoatMaterial.ClearCoatMaterial","49","0","14","1","0.000000","0","0"
"/Interchange/gltf/M_Sheen.M_Sheen","49","0","132","4","0.000000","0","0"
"/Interchange/gltf/M_Translucent.M_Translucent","49","0","200","8","0.000000","0","0"
"/Interchange/gltf/M_Opaque.M_Opaque","49","0","264","8","0.000000","0","0"
